{
  "alpha": 0.1,
  "cols": [
    0,
    1
  ],
  "tau_global": 0.030606204643845558,
  "tau_by_layer": {
    "0": 0.4655379354953766,
    "1": 0.03682051971554756,
    "2": 0.02957187406718731,
    "3": 0.027890823781490326,
    "4": 0.02963571436703205,
    "5": 0.033322710543870926,
    "6": 0.030151858925819397,
    "7": 0.029894821345806122,
    "8": 0.0325387679040432,
    "9": 0.034582797437906265,
    "10": 0.02926926501095295,
    "11": 0.03141418471932411,
    "12": 0.029734885320067406,
    "13": 0.030413802713155746,
    "14": 0.03051835484802723,
    "15": 0.030702931806445122,
    "16": 0.030679447576403618,
    "17": 0.029281165450811386,
    "18": 0.0301668681204319,
    "19": 0.03161252290010452,
    "20": 0.03214919567108154,
    "21": 0.03261178359389305,
    "22": 0.03197541460394859,
    "23": 0.030615635216236115,
    "24": 0.03106141835451126,
    "25": 0.029769785702228546,
    "26": 0.03216639533638954,
    "27": 0.02995801717042923,
    "28": 0.029950058087706566,
    "29": 0.029636351391673088,
    "30": 0.030659886077046394,
    "31": 0.02907728962600231,
    "32": 0.030017105862498283,
    "33": 0.03436407819390297,
    "34": 0.03209107369184494,
    "35": 0.02859385870397091
  },
  "norm_curve": [
    [
      0.0,
      0.4655379354953766
    ],
    [
      0.02857142857142857,
      0.03682051971554756
    ],
    [
      0.05714285714285714,
      0.02957187406718731
    ],
    [
      0.08571428571428572,
      0.027890823781490326
    ],
    [
      0.11428571428571428,
      0.02963571436703205
    ],
    [
      0.14285714285714285,
      0.033322710543870926
    ],
    [
      0.17142857142857143,
      0.030151858925819397
    ],
    [
      0.2,
      0.029894821345806122
    ],
    [
      0.22857142857142856,
      0.0325387679040432
    ],
    [
      0.2571428571428571,
      0.034582797437906265
    ],
    [
      0.2857142857142857,
      0.02926926501095295
    ],
    [
      0.3142857142857143,
      0.03141418471932411
    ],
    [
      0.34285714285714286,
      0.029734885320067406
    ],
    [
      0.37142857142857144,
      0.030413802713155746
    ],
    [
      0.4,
      0.03051835484802723
    ],
    [
      0.42857142857142855,
      0.030702931806445122
    ],
    [
      0.45714285714285713,
      0.030679447576403618
    ],
    [
      0.4857142857142857,
      0.029281165450811386
    ],
    [
      0.5142857142857142,
      0.0301668681204319
    ],
    [
      0.5428571428571428,
      0.03161252290010452
    ],
    [
      0.5714285714285714,
      0.03214919567108154
    ],
    [
      0.6,
      0.03261178359389305
    ],
    [
      0.6285714285714286,
      0.03197541460394859
    ],
    [
      0.6571428571428571,
      0.030615635216236115
    ],
    [
      0.6857142857142857,
      0.03106141835451126
    ],
    [
      0.7142857142857143,
      0.029769785702228546
    ],
    [
      0.7428571428571429,
      0.03216639533638954
    ],
    [
      0.7714285714285715,
      0.02995801717042923
    ],
    [
      0.8,
      0.029950058087706566
    ],
    [
      0.8285714285714286,
      0.029636351391673088
    ],
    [
      0.8571428571428571,
      0.030659886077046394
    ],
    [
      0.8857142857142857,
      0.02907728962600231
    ],
    [
      0.9142857142857143,
      0.030017105862498283
    ],
    [
      0.9428571428571428,
      0.03436407819390297
    ],
    [
      0.9714285714285714,
      0.03209107369184494
    ],
    [
      1.0,
      0.02859385870397091
    ]
  ]
}