{"weights": [42.075721740722656, 3.33540940284729, 0.0, 0.0], "bias": -3.656660795211792, "per_layer": false}