{
  "alpha": 0.1,
  "cols": [
    0,
    1
  ],
  "tau_global": 0.02988777868449688,
  "tau_by_layer": {
    "0": 0.47190535068511963,
    "1": 0.033305589109659195,
    "2": 0.027799688279628754,
    "3": 0.027066482231020927,
    "4": 0.02875501476228237,
    "5": 0.034403473138809204,
    "6": 0.03054359368979931,
    "7": 0.029499802738428116,
    "8": 0.03165682405233383,
    "9": 0.034536212682724,
    "10": 0.028824584558606148,
    "11": 0.03146925941109657,
    "12": 0.028629029169678688,
    "13": 0.03125676512718201,
    "14": 0.029694296419620514,
    "15": 0.030613820999860764,
    "16": 0.03048688732087612,
    "17": 0.028447384014725685,
    "18": 0.030789697542786598,
    "19": 0.03051077574491501,
    "20": 0.031141050159931183,
    "21": 0.030445687472820282,
    "22": 0.03072502836585045,
    "23": 0.02972215972840786,
    "24": 0.028819385915994644,
    "25": 0.028626427054405212,
    "26": 0.030892767012119293,
    "27": 0.029540054500102997,
    "28": 0.029071200639009476,
    "29": 0.028954463079571724,
    "30": 0.03125428780913353,
    "31": 0.028208181262016296,
    "32": 0.02786991372704506,
    "33": 0.03240995109081268,
    "34": 0.031074782833456993,
    "35": 0.027136273682117462
  },
  "norm_curve": [
    [
      0.0,
      0.47190535068511963
    ],
    [
      0.02857142857142857,
      0.033305589109659195
    ],
    [
      0.05714285714285714,
      0.027799688279628754
    ],
    [
      0.08571428571428572,
      0.027066482231020927
    ],
    [
      0.11428571428571428,
      0.02875501476228237
    ],
    [
      0.14285714285714285,
      0.034403473138809204
    ],
    [
      0.17142857142857143,
      0.03054359368979931
    ],
    [
      0.2,
      0.029499802738428116
    ],
    [
      0.22857142857142856,
      0.03165682405233383
    ],
    [
      0.2571428571428571,
      0.034536212682724
    ],
    [
      0.2857142857142857,
      0.028824584558606148
    ],
    [
      0.3142857142857143,
      0.03146925941109657
    ],
    [
      0.34285714285714286,
      0.028629029169678688
    ],
    [
      0.37142857142857144,
      0.03125676512718201
    ],
    [
      0.4,
      0.029694296419620514
    ],
    [
      0.42857142857142855,
      0.030613820999860764
    ],
    [
      0.45714285714285713,
      0.03048688732087612
    ],
    [
      0.4857142857142857,
      0.028447384014725685
    ],
    [
      0.5142857142857142,
      0.030789697542786598
    ],
    [
      0.5428571428571428,
      0.03051077574491501
    ],
    [
      0.5714285714285714,
      0.031141050159931183
    ],
    [
      0.6,
      0.030445687472820282
    ],
    [
      0.6285714285714286,
      0.03072502836585045
    ],
    [
      0.6571428571428571,
      0.02972215972840786
    ],
    [
      0.6857142857142857,
      0.028819385915994644
    ],
    [
      0.7142857142857143,
      0.028626427054405212
    ],
    [
      0.7428571428571429,
      0.030892767012119293
    ],
    [
      0.7714285714285715,
      0.029540054500102997
    ],
    [
      0.8,
      0.029071200639009476
    ],
    [
      0.8285714285714286,
      0.028954463079571724
    ],
    [
      0.8571428571428571,
      0.03125428780913353
    ],
    [
      0.8857142857142857,
      0.028208181262016296
    ],
    [
      0.9142857142857143,
      0.02786991372704506
    ],
    [
      0.9428571428571428,
      0.03240995109081268
    ],
    [
      0.9714285714285714,
      0.031074782833456993
    ],
    [
      1.0,
      0.027136273682117462
    ]
  ]
}