{"weights": [34.758506774902344, 3.3461039066314697, 0.0, 0.0], "bias": -3.604783535003662, "per_layer": false}