{"weights": [92.91264343261719, 0.0, 0.0, 0.0], "bias": -3.2334048748016357, "per_layer": false}