{"weights": [52.4370002746582, 3.5707101821899414, 0.0, 0.0], "bias": -3.7650578022003174, "per_layer": false}