{"weights": [34.282833099365234, 3.3248260021209717, 2.2018046379089355, 0.3855438828468323], "bias": -4.547911167144775, "per_layer": false}